NAME,CITY,COUNTRY
Divan Cukurhan , Ulus Ankara, Turkey
Metropolitan Hotels Ankara , Ankara, Turkey
Wyndham Ankara , Sogutozu Ankara, Turkey
Apart Hotel Best , Gaziosmanpasa Ankara, Turkey
Business Grand Hotel , Maltepe Ankara, Turkey
Latanya Hotel Ankara , Kavaklidere Ankara, Turkey
Holiday Inn Ankara-Kavaklidere , Kavaklidere Ankara, Turkey
Business Park Hotel , Ankara City-Centre Ankara, Turkey
Lion City Hotel Ankara , Ulus Ankara, Turkey
Bilkent Hotel and Conference Center , Ankara, Turkey
Inn 14 Hostel, Ankara, Turkey
Altinel Ankara , Maltepe Ankara, Turkey
CPAnkara Hotel , Ankara, Turkey
Esila Hotel, Maltepe Ankara, Turkey
Holiday Inn Ankara - Cukurambar , Ankara, Turkey
Demora Hotel , Kavaklidere Ankara, Turkey
Mina 1 Hotel , Kizilay Ankara, Turkey
OTTO LOFT Premium Apartments , Ankara City-Centre Ankara, Turkey
Ankara Plaza Hotel , Kavaklidere Ankara, Turkey
Sc Inn Hotel Ankara , Kavaklidere Ankara, Turkey
Kahya Hotel Ankara , Ankara City-Centre Ankara, Turkey
Best Western Plus Center Hotel , Ankara, Turkey
City Hotel Residence, Birlik Ankara, Turkey
Ankara Gold Hotel , Kavaklidere Ankara, Turkey
Meyra Palace , Ankara, Turkey
Stone House, Gaziosmanpasa Ankara, Turkey
Inn 65 Budget , Ankara, Turkey
Koza Suite Hotel , Gaziosmanpasa Ankara, Turkey
Ankara Royal Hotel , Kavaklidere Ankara, Turkey
Warwick Ankara , Kavaklidere Ankara, Turkey
Grand Work Hotel & SPA, Cankaya Ankara, Turkey
Eyuboglu Hotel , Kizilay Ankara, Turkey
Park Inn by Radisson Ankara Cankaya, Yildizevler Ankara, Turkey
Hilton Garden Inn Ankara Gimat , Ankara, Turkey
BORDO OTEL, Ulus Ankara, Turkey
Hatton Suites Hotel Esenboga, Ankara, Turkey
Niza Park Hotel , Cankaya Ankara, Turkey
Atakosk Group Hotels , Ankara, Turkey
The Wings Hotels Neva Palas , Kavaklidere Ankara, Turkey
Hotel Excellence Inn , Ankara, Turkey
Ismira Hotel Ankara , Kizilay Ankara, Turkey
A Apart Otel , Cankaya Ankara, Turkey
Akar International Hotel , Maltepe Ankara, Turkey
Ankara Princess Hotel , Kizilay Ankara, Turkey
Hotel Tunali , Kavaklidere Ankara, Turkey
Hotel Yeni , Ulus Ankara, Turkey
OTEL AYDOS, Ulus Ankara, Turkey
Deeps Hostel, Kizilay Ankara, Turkey
KonukEvim Meşrutiyet , Kizilay Ankara, Turkey
Limak Ambassadore Hotel , Ankara City-Centre Ankara, Turkey
Starton Hotel , Kizilay Ankara, Turkey
Hotel Abro Necatibey, Kizilay Ankara, Turkey
Atli Hotel Ankara , Ankara, Turkey
Seven Deep Hotel , Kavaklidere Ankara, Turkey
Midas Hotel , Kavaklidere Ankara, Turkey
King Hotel Guvenlik , Ankara City-Centre Ankara, Turkey
TRYP by Wyndham Ankara Oran , Oran Ankara, Turkey
Hotel Abro Sezenler, Ankara City-Centre Ankara, Turkey
Ostimpark Business Hotel , Ankara, Turkey
Gurkent Hotel , Kizilay Ankara, Turkey
Demonti Hotel , Kavaklidere Ankara, Turkey
Elit Palas Hotel, Kavaklidere Ankara, Turkey
ÖZDEMİR HOTEL, Kizilay Ankara, Turkey
A Otel Bilkent , Ankara, Turkey
Antik Otel , Ulus Ankara, Turkey
Hotel Best , Kavaklidere Ankara, Turkey
Ilci Residence Hotel , Maltepe Ankara, Turkey
Grand Sera Hotel, Ulus Ankara, Turkey
GRAND VERDA HOTEL , Ulus Ankara, Turkey
Yavuz Hotel, Ulus Ankara, Turkey
Evodak Apartment , Ankara, Turkey
Hotel Mithat, Ulus Ankara, Turkey
koza millenyum hotel&spa , Ankara City-Centre Ankara, Turkey
Anadolu Hotels Downtown Ankara , Sogutozu Ankara, Turkey
ADEN APART , Ankara, Turkey
Ankacity Suit Flat, Ankara, Turkey
Yeni Bahar Otel , Ulus Ankara, Turkey
Akman TZOB Otel , Ankara, Turkey
Hm Commerce Hotel, Ankara, Turkey
Double Comfort Hotel , Ulus Ankara, Turkey
Vivaldi Ce Gold Hotel , Yildizevler Ankara, Turkey
Class Hotel , Kavaklidere Ankara, Turkey
ADEN LİFE Apartments, Ankara, Turkey
Atalay Hotel , Ulus Ankara, Turkey
Notte Hotel , Kavaklidere Ankara, Turkey
No:19 Boutique Hotel, Birlik Ankara, Turkey
Peracity Hotel, Ulus Ankara, Turkey
Devran otel, Ulus Ankara, Turkey
Tac Hotel , Ulus Ankara, Turkey
Konukevim Buklum Garden, Kavaklidere Ankara, Turkey
06ev Rental House , Kizilay Ankara, Turkey
Maltepe 2000 Hotel , Maltepe Ankara, Turkey
Luxurious New Flat in the Center of Ankara - 15 , Gaziosmanpasa Ankara, Turkey
Sahinbey Hotel , Ulus Ankara, Turkey
Asrin Park Hotel & Spa Convention Center , Oran Ankara, Turkey
Aldino Hotel & Spa , Kavaklidere Ankara, Turkey
Buyukhanli Park Hotel , Yildizevler Ankara, Turkey
Ankara Mamak, Ankara, Turkey
Park 12 Apartment, Gaziosmanpasa Ankara, Turkey
Bugday Hotel , Ulus Ankara, Turkey
New Gate Hotel , Maltepe Ankara, Turkey
Q HOTEL , Kavaklidere Ankara, Turkey
Hotel Etap Mola , Kizilay Ankara, Turkey
Konur Hotel, Kizilay Ankara, Turkey
Dafne Hotel , Ankara, Turkey
Guleryuz Hotel , Ulus Ankara, Turkey
kocatepe hotel, Kizilay Ankara, Turkey
First Apart Hotel , Kizilay Ankara, Turkey
Sergah Hotel , Ulus Ankara, Turkey
Twins Boutique Hotel, Ankara City-Centre Ankara, Turkey
Akyuz Hotel , Ulus Ankara, Turkey
ELEGANT HOUSE, Ankara, Turkey
Konukevim Apartments , Kavaklidere Ankara, Turkey
Grand Silay Hotel, Kizilay Ankara, Turkey
Bayındır Konuk Evi , Kizilay Ankara, Turkey
Onyx Business Hotel, Kavaklidere Ankara, Turkey
Nobel Hotel Ankara, Ulus Ankara, Turkey
koza millenyum hotel&spa , Ankara City-Centre Ankara, Turkey
devran otel, Ulus Ankara, Turkey
ENJOY HOUSE ANKARA, Maltepe Ankara, Turkey
Alfin Hotel , Kizilay Ankara, Turkey
Ravza Termal Otel, Ankara, Turkey
Grand Nora Hotel , Gaziosmanpasa Ankara, Turkey
ÖZGÜN HOTEL, Ulus Ankara, Turkey
Eylül Kır Evi Kırbahçesi Konaklama, Ankara, Turkey
Luxury 1+1 Daire, Ankara, Turkey
GOLAZ SUİT OTEL, Gaziosmanpasa Ankara, Turkey
GOLAZ SUİT OTEL, Gaziosmanpasa Ankara, Turkey
Private Room, Ankara City-Centre Ankara, Turkey
SPOR HOTEL, Ulus Ankara, Turkey
Point Rezidans, Ankara, Turkey
Doubletree By Hilton Ankara, Turkey , Ankara
Single Host But Scenic House , Ankara City-Centre Ankara, Turkey
ışıklar doruk hotel , Ulus Ankara, Turkey
EuroResort, Kavaklidere Ankara, Turkey
34 Yüksel Caddesi, Kizilay Ankara, Turkey
Flat Room Ankara Cankaya, Ankara City-Centre Ankara, Turkey
Kiralık Oda, Ankara, Turkey
AVCI HOTEL, Ankara, Turkey
Şahsi Ev, Ankara, Turkey
2 + 1 APARTMENT IN THE SITE, Ankara, Turkey
Private room on sharing apartment, Ankara City-Centre Ankara, Turkey
